<?xml version="1.0" encoding="utf-8"?>
<Window>
  <Font id="0" name="Arial" size="12" bold="false" default="true" />
  
  <Menu inset="2,2,2,2" itemtextpadding="130,0,0,0" bkimage="file='menu_bk.png' corner='30,8,8,8'" hole="false">
	<MenuElement name="menu_btn_open" height="22" inset="30,0,0,0">
		<HorizontalLayout>
			<Label text="Open" />
		</HorizontalLayout>
	</MenuElement>
	<MenuElement name="menu_btn_save" height="22" inset="30,0,0,0">
		<HorizontalLayout>
			<Label text="Save" />
		</HorizontalLayout>
	</MenuElement>
	<MenuElement name="menu_btn_close" height="22" inset="30,0,0,0">
		<VerticalLayout>
			<Label text="Close" />
		</VerticalLayout>
	</MenuElement>
	<MenuElement name="menu_btn_export" height="22" inset="30,0,0,0">
		<HorizontalLayout>
			<Label text="Export" />
		</HorizontalLayout>
	</MenuElement>
	<MenuElement name="menu_btn_import" height="22" inset="30,0,0,0">
		<HorizontalLayout>
			<Label text="Import" />
		</HorizontalLayout>
	</MenuElement>
	<MenuElement name="menu_btn_new" height="25" inset="30,0,0,0">
		<VerticalLayout>
			<Container height="1" padding="0,2,0,0" bkcolor="#FFDDDDDD" />
			<Label text="New Address Book" />
		</VerticalLayout>
	</MenuElement>
	<MenuElement name="menu_btn_exit" height="25" inset="30,0,0,0">
		<VerticalLayout>
			<Container height="1" padding="0,2,0,0" bkcolor="#FFDDDDDD" />
			<Label text="Exit" />
		</VerticalLayout>
	</MenuElement>
  </Menu>
</Window>