<?xml version="1.0" encoding="utf-8"?>
<Window>
  <Font id="0" name="Arial" size="12" bold="false" default="true" />
  
  <Menu inset="2,2,2,2" itemtextpadding="130,0,0,0" bkimage="file='menu_bk.png' corner='30,8,8,8'" hole="false">
	<MenuElement name="menu_btn_sort_firstname" height="22" inset="30,0,0,0">
		<HorizontalLayout>
			<Label text="Sort By Last Name" />
		</HorizontalLayout>
	</MenuElement>
	<MenuElement name="menu_btn_sort_firstname" height="22" inset="30,0,0,0">
		<HorizontalLayout>
			<Label text="Sort By Zip Code" />
		</HorizontalLayout>
	</MenuElement>
  </Menu>
</Window>