<?xml version="1.0" encoding="utf-8"?>
<Window>
  <Font id="0" name="Arial" size="12" bold="false" default="true" />
  
  <Menu inset="2,2,2,2" itemtextpadding="80,0,0,0" bkimage="file='menu_bk.png' corner='30,8,8,8'" hole="false">
	<MenuElement name="menu_list_btn_edit" height="22" inset="30,0,0,0">
		<HorizontalLayout>
			<Label text="Edit" />
		</HorizontalLayout>
	</MenuElement>
	<MenuElement name="menu_list_btn_delete" height="22" inset="30,0,0,0">
		<HorizontalLayout>
			<Label text="Delete" />
		</HorizontalLayout>
	</MenuElement>
  </Menu>
</Window>